CBS,Naam,Prov,Suppletie nieuwe verdeling GF,Beschermd wonen,Participatie,Voogdij/18+,aanpak laaggeletterdheid,armoedebestrijding kinderen,beeldende kunst en vormgeving,BRP: Centralisering Inschrijving Vergunninghouders,experiment gesloten coffeeshopketen,extra capaciteit BOA's,jeugd,jeugdhulp aan kinderen in een AZC,knelpunten verdeelproblematiek,maatschappelijke opvang,personen met verward gedrag,slavernijverleden,Uitstapprogramma prostituees,veiligheidshuizen,vergunningverlening, toezicht en handhaving,versterking arbeidsmarktregio's,versterking omgevingsveiligheidsdiensten,voorschoolse voorziening peuters,vrouwenopvang
1979,Eemsdelta,1,261076,0,8926384,0,0,339249,0,0,0,36821,0,59394,0,0,0,0,0,0,429516,0,23000,104456,0
14,Groningen,1,-38979083,69361761,27730273,1430173,222803,1348088,473748,0,185000,71726,553998,12683,0,17580405,345035,0,100237,265650,418815,398593,59000,450339,7587046
1966,Het Hogeland,1,4164684,0,7824474,0,0,208623,0,0,0,37239,0,27064,0,0,0,0,0,0,371479,0,13000,113915,0
1952,Midden-Groningen,1,4011872,0,10876171,0,0,373524,0,0,0,39637,0,3680,0,0,0,0,0,0,614845,0,35000,127782,0
1895,Oldambt,1,507540,0,12844765,0,0,258552,0,0,0,35462,0,0,0,0,0,0,0,0,183383,0,16000,85215,0
765,Pekela,1,732775,0,4751504,0,0,97429,0,0,0,30607,0,0,0,0,0,0,0,0,52534,0,2000,26079,0
37,Stadskanaal,1,0,0,16266181,0,0,163282,0,0,0,34248,0,99877,0,0,0,0,0,0,184356,0,6000,65067,0
47,Veendam,1,722070,0,8861814,0,0,174617,0,0,0,33442,0,0,0,0,0,0,0,0,228135,0,9000,52721,0
1969,Westerkwartier,1,5752535,0,7887788,0,0,206734,0,0,0,40186,0,0,0,0,0,0,0,0,289577,0,16000,128655,0
1950,Westerwolde,1,0,0,7964746,0,0,121989,0,2276653,0,33218,0,343397,0,0,0,0,0,0,129390,0,3000,60900,0
59,Achtkarspelen,2,1166715,0,4530514,0,0,146549,0,0,0,33532,0,0,0,0,0,0,0,0,146901,0,7000,61532,0
60,Ameland,2,0,0,233777,0,0,7017,0,0,0,29040,0,0,0,0,0,0,0,0,22376,0,1000,7938,0
1891,Dantumadiel,2,-800473,0,4743255,0,0,70980,0,0,0,31866,0,0,0,0,0,0,0,0,67613,0,2000,40678,0
1940,De Fryske Marren,2,-7096915,0,3085618,0,0,186222,0,0,0,37972,0,57186,0,0,0,0,0,0,307812,0,9000,118048,0
72,Harlingen,2,-2191663,0,1865271,0,0,80157,0,0,0,31283,0,0,0,0,0,0,0,0,283101,0,6000,29732,0
74,Heerenveen,2,-5520179,0,7658807,0,0,198367,0,0,0,37763,0,0,0,0,0,0,0,0,113941,0,16000,105818,0
80,Leeuwarden,2,-5962193,42568129,12992283,90000,199199,778895,150000,0,0,51493,142644,8663,0,14241240,352035,0,110915,271040,381574,398593,32000,258949,6778009
1970,Noardeast-Fryslân,2,0,0,9984051,0,0,193239,0,0,0,36801,0,0,0,0,0,0,0,0,52534,0,8000,112315,0
85,Ooststellingwerf,2,516603,0,2902441,0,0,105796,0,0,0,33079,0,0,0,0,0,0,0,0,78315,0,5000,53597,0
86,Opsterland,2,321453,0,3090880,0,0,109574,0,0,0,33887,0,7700,0,0,0,0,0,0,142037,0,6000,67891,0
88,Schiermonnikoog,2,-121948,0,8097,0,0,1619,0,0,0,28516,0,0,0,0,0,0,0,0,12161,0,0,1928,0
90,Smallingerland,2,-1652872,0,10504814,0,0,297416,0,0,0,38765,0,99990,0,0,0,0,0,0,177060,0,15000,110466,0
1900,Súdwest-Fryslân,2,-9730172,0,14458158,0,0,422644,0,0,0,45081,0,118674,0,0,0,0,0,0,344114,0,23000,215766,0
93,Terschelling,2,-668512,0,186077,0,0,4858,0,0,0,29249,0,0,0,0,0,0,0,0,10215,0,0,15485,0
737,Tytsjerksteradiel,2,-71269,0,3509207,0,0,105526,0,0,0,34305,0,183730,0,0,0,0,0,0,154198,0,9000,71107,0
96,Vlieland,2,-312938,0,8097,0,0,2699,0,0,0,28565,0,0,0,0,0,0,0,0,10215,0,0,2872,0
1949,Waadhoeke,2,-840322,0,5626971,0,0,180285,0,0,0,36926,0,87420,0,0,0,0,0,0,230611,0,9000,105386,0
98,Weststellingwerf,2,-2751506,0,4355729,0,0,92571,0,0,0,33203,0,0,0,0,0,0,0,0,146901,0,7000,54890,0
1680,Aa en Hunze,3,0,0,69172,0,0,70711,0,0,0,33067,0,0,0,0,0,0,0,0,57398,0,8000,64826,0
106,Assen,3,4319714,35640095,17201166,0,0,372445,150000,0,0,41145,0,180786,0,4566216,257026,0,83850,197890,217433,0,16000,123179,0
1681,Borger-Odoorn,3,-837876,0,4540416,0,0,91762,0,0,0,33104,0,0,0,0,0,0,0,0,74423,0,4000,68946,0
109,Coevorden,3,-98079,0,3884482,0,0,176237,0,0,0,34911,0,75304,0,0,0,0,0,0,189220,0,18000,80388,0
1690,De Wolden,3,-789548,0,925325,0,0,74219,0,0,0,32876,0,0,0,0,0,0,0,0,128903,0,7000,51128,0
114,Emmen,3,-3629990,14164910,23639446,0,147888,623980,150000,0,0,48247,82888,140869,0,3154784,0,0,0,0,810875,398593,25000,215514,4954594
118,Hoogeveen,3,-2438800,0,18199216,0,0,299845,0,0,0,38684,0,95574,0,0,0,0,0,0,177060,0,21000,104642,0
119,Meppel,3,1757750,0,6865794,0,0,139532,0,0,0,34738,0,0,0,0,0,0,0,0,218893,0,9000,57727,0
1731,Midden-Drenthe,3,-147682,0,122622,0,0,103637,0,0,0,34551,0,0,0,0,0,0,0,0,122093,0,11000,73455,0
1699,Noordenveld,3,5598,0,2988337,0,0,120100,0,0,0,34148,0,0,0,0,0,0,0,0,125985,0,6000,56890,0
1730,Tynaarlo,3,3950762,0,121050,0,0,102557,0,0,0,34662,0,21799,0,0,0,0,0,0,50589,0,8000,61467,0
1701,Westerveld,3,-571453,0,2768968,0,0,43452,0,0,0,31999,0,0,0,0,0,0,0,0,39887,0,3000,51133,0
141,Almelo,4,-116348,13202801,11059446,0,0,498752,0,0,0,41944,296468,65792,0,3008886,0,0,0,0,256348,0,17000,136787,0
147,Borne,4,103000,0,2573782,0,0,63424,0,0,0,32745,0,0,0,0,0,0,0,0,0,0,4000,34964,0
148,Dalfsen,4,-561198,0,2918146,0,0,59915,0,0,0,33718,0,0,0,0,0,0,0,0,48643,0,5000,46639,0
150,Deventer,4,-1167938,17509219,16447526,0,0,526011,150000,0,0,47170,235941,90365,0,3850396,0,0,0,0,258780,0,27000,174643,0
1774,Dinkelland,4,-655937,0,1945369,0,0,60455,0,0,0,33291,0,0,0,0,0,0,0,0,63236,0,5000,45652,0
153,Enschede,4,-5815802,34010777,25130102,0,203706,1188585,404571,0,0,58049,793023,0,0,9001741,360036,0,107429,277200,330285,398593,28000,313920,7318102
158,Haaksbergen,4,-2638615,0,2159083,0,0,80696,0,0,0,32849,0,0,0,0,0,0,0,0,40860,0,4000,40269,0
160,Hardenberg,4,0,0,8473058,0,0,188112,0,0,0,39754,0,91950,0,0,0,0,0,0,261698,0,17000,113678,0
163,Hellendoorn,4,-2353783,0,3409986,0,0,103097,0,0,0,35025,0,0,0,0,0,0,0,0,148847,0,6000,57593,0
164,Hengelo,4,-4538294,0,12327823,0,0,425073,0,0,0,43416,74792,52090,0,0,0,0,0,0,231540,0,19000,139324,0
1735,Hof van Twente,4,-1916202,0,2541930,0,0,98509,0,0,0,34860,0,0,0,0,0,0,0,0,133768,0,7000,54608,0
166,Kampen,4,-3571654,0,5424527,0,0,212671,0,0,0,38474,0,0,0,0,0,0,0,0,251483,0,13000,91583,0
168,Losser,4,1314288,0,2901918,0,0,91762,0,0,0,32600,0,0,0,0,0,0,0,0,84638,0,3000,38462,0
173,Oldenzaal,4,-1710347,0,6150281,0,0,132515,0,0,0,34239,0,0,0,0,0,0,0,0,71505,0,5000,50156,0
1773,Olst-Wijhe,4,1324473,0,1973344,0,0,60455,0,0,0,31758,0,0,0,0,0,0,0,0,25294,0,5000,31367,0
175,Ommen,4,-1388526,0,2584055,0,0,60455,0,0,0,31745,0,0,0,0,0,0,0,0,15566,0,8000,38500,0
177,Raalte,4,472785,0,4046714,0,0,118211,0,0,0,35394,0,3907,0,0,0,0,0,0,125985,0,9000,62132,0
1742,Rijssen-Holten,4,-39726,0,2793815,0,0,111733,0,0,0,35448,0,0,0,0,0,0,0,0,50102,0,9000,66417,0
180,Staphorst,4,-1833443,0,1055095,0,0,33466,0,0,0,31553,0,0,0,0,0,0,0,0,90962,0,4000,33686,0
1708,Steenwijkerland,4,-2593816,0,6313193,0,0,165441,0,0,0,36589,0,0,0,0,0,0,0,0,157603,0,7000,98045,0
183,Tubbergen,4,387386,0,1990087,0,0,46151,0,0,0,32307,0,0,0,0,0,0,0,0,58371,0,3000,40479,0
1700,Twenterand,4,1692033,0,6284536,0,0,125768,0,0,0,34610,0,0,0,0,0,0,0,0,93394,0,6000,61488,0
189,Wierden,4,-724873,0,2005791,0,0,53708,0,0,0,32906,0,0,0,0,0,0,0,0,57398,0,5000,41699,0
1896,Zwartewaterland,4,-66950,0,939766,0,0,66932,0,0,0,32588,0,0,0,0,0,0,0,0,333690,0,3000,40429,0
193,Zwolle,4,-560918,64382871,12923882,0,166634,626949,150000,0,0,52490,207412,0,0,10026382,280028,0,90347,215600,400817,398593,26000,217022,6075672
197,Aalten,5,-2099178,0,6134021,0,0,77188,0,0,0,33387,0,0,0,0,0,0,0,0,37455,0,5000,46683,0
200,Apeldoorn,5,-1048729,41442626,19171503,0,191709,721949,150000,0,0,58988,75177,61602,0,4220128,413041,0,127395,318010,179492,398593,30000,263422,5624009
202,Arnhem,5,-9901569,64395975,27321224,90000,178766,1181568,374923,663610,162500,58550,565178,140586,0,8487781,362036,0,122569,278740,226675,398593,29000,303260,7995607
203,Barneveld,5,255681,0,2510516,0,0,160583,0,0,0,39500,0,0,0,0,0,0,0,0,81720,0,12000,107089,0
1945,Berg en Dal,5,290844,0,3730727,0,0,118481,0,0,0,34854,0,0,0,0,0,0,0,0,148847,0,5000,59050,0
1859,Berkelland,5,-2417515,0,5717478,0,0,134404,0,0,0,36497,0,0,0,0,0,0,0,0,173168,0,7000,81055,0
209,Beuningen,5,930268,0,2611277,0,0,86904,0,0,0,33208,0,0,0,0,0,0,0,0,129876,0,7000,42717,0
1876,Bronckhorst,5,-870805,0,4094053,0,0,85015,0,0,0,35054,0,0,0,0,0,0,0,0,128903,0,8000,67913,0
213,Brummen,5,506231,0,1955230,0,0,61534,0,0,0,32227,0,4190,0,0,0,0,0,0,37941,0,4000,34405,0
214,Buren,5,-1056772,0,1838494,0,0,85284,0,0,0,33366,0,0,0,0,0,0,0,0,158576,0,3000,54791,0
216,Culemborg,5,748948,0,3367942,0,0,114702,0,0,0,33759,0,0,0,0,0,0,0,0,68586,0,3000,46343,0
221,Doesburg,5,1540129,0,1368565,0,0,58835,0,0,0,30401,0,0,0,0,0,0,0,0,20430,0,1000,19770,0
222,Doetinchem,5,1411059,26698946,8204471,0,143161,283112,0,0,0,39180,0,0,0,3756199,0,0,0,0,143983,398593,8000,92387,0
225,Druten,5,2208259,0,2009312,0,0,68012,0,0,0,31875,0,0,0,0,0,0,0,0,152738,0,3000,31459,0
226,Duiven,5,462676,0,1825070,0,0,89333,0,0,0,33005,0,793,0,0,0,0,0,0,63236,0,9000,44503,0
228,Ede,5,-136006,22686422,8037417,0,146979,398354,150000,0,0,50387,58600,31650,0,3450481,0,0,0,0,314719,398593,19000,200532,2949277
230,Elburg,5,1507645,0,3213892,0,0,79887,0,0,0,32700,0,0,0,0,0,0,0,0,27240,0,5000,40500,0
232,Epe,5,0,0,3958811,0,0,116322,0,0,0,34517,0,0,0,0,0,0,0,0,72964,0,3000,53794,0
233,Ermelo,5,3927319,0,3296451,0,0,77728,0,0,0,33367,0,0,0,0,0,0,0,0,53994,0,7000,42848,0
243,Harderwijk,5,1104611,0,4725237,0,0,211052,0,0,0,37405,0,109955,0,0,0,0,0,0,175114,0,11000,74728,0
244,Hattem,5,-672561,0,705622,0,0,30767,0,0,0,30617,0,0,0,0,0,0,0,0,43779,0,4000,18372,0
246,Heerde,5,1407514,0,2093785,0,0,47500,0,0,0,31835,0,0,0,0,0,0,0,0,56912,0,3000,31238,0
252,Heumen,5,624713,0,1296131,0,0,42102,0,0,0,31424,0,0,0,0,0,0,0,0,90476,0,4000,27327,0
1705,Lingewaard,5,2301133,0,3668427,0,0,133055,0,0,0,37051,0,0,0,0,0,0,0,0,160035,0,8000,68419,0
262,Lochem,5,-1195744,0,2535501,0,0,98779,0,0,0,34657,0,0,0,0,0,0,0,0,123066,0,10000,59472,0
263,Maasdriel,5,-1280780,0,1619814,0,0,84205,0,0,0,33076,0,0,0,0,0,0,0,0,62749,0,5000,44993,0
1955,Montferland,5,-1067665,0,4179683,0,0,116861,0,0,0,35044,0,0,0,0,0,0,0,0,22376,0,8000,57678,0
1740,Neder-Betuwe,5,0,0,1159186,0,0,79617,0,0,0,32927,0,0,0,0,0,0,0,0,119661,0,5000,47525,0
267,Nijkerk,5,1515187,0,1894772,0,0,125768,0,0,0,36452,0,0,0,0,0,0,0,0,142523,0,12000,67873,0
268,Nijmegen,5,-28015761,54282489,22077789,1649357,159668,1020175,150000,0,196250,61327,605273,140643,0,10164693,284028,0,88678,218680,410545,398593,34000,311853,5963102
302,Nunspeet,5,-199666,0,3552107,0,0,72870,0,0,0,33554,0,2265,0,0,0,0,0,0,74423,0,6000,52909,0
269,Oldebroek,5,-396108,0,1991715,0,0,63424,0,0,0,32762,0,0,0,0,0,0,0,0,32104,0,7000,42458,0
1586,Oost Gelre,5,-236367,0,5678849,0,0,68282,0,0,0,33843,0,0,0,0,0,0,0,0,125985,0,7000,48142,0
1509,Oude IJsselstreek,5,-3082013,0,4774598,0,0,166790,0,0,0,35660,0,0,0,0,0,0,0,0,130363,0,5000,66730,0
1734,Overbetuwe,5,4191714,0,3428443,0,0,155455,0,0,0,37310,0,0,0,0,0,0,0,0,121121,0,13000,82006,0
273,Putten,5,-403576,0,1939339,0,0,74219,0,0,0,32874,0,2548,0,0,0,0,0,0,121121,0,8000,39991,0
274,Renkum,5,1480758,0,2071984,0,0,117941,0,0,0,34186,0,0,0,0,0,0,0,0,65668,0,4000,48346,0
275,Rheden,5,3366096,0,5918973,0,0,231564,0,0,0,36438,0,0,0,0,0,0,0,0,106041,0,11000,70368,0
277,Rozendaal,5,-331159,0,58768,0,0,4318,0,0,0,28664,0,0,0,0,0,0,0,0,0,0,0,2839,0
279,Scherpenzeel,5,759671,0,182253,0,0,24290,0,0,0,30227,0,0,0,0,0,0,0,0,9242,0,1000,16219,0
281,Tiel,5,-668592,0,7745820,0,141369,231833,0,0,0,36139,0,0,0,0,0,0,0,0,286020,398593,13000,75994,0
285,Voorst,5,0,0,2064701,0,0,52088,0,0,0,32953,0,0,0,0,0,0,0,0,67613,0,7000,47055,0
289,Wageningen,5,-1214431,0,3494684,0,0,144660,0,0,0,35714,0,36067,0,0,0,0,0,0,23835,0,3000,52936,0
1960,West Betuwe,5,-228454,0,2986867,0,0,148708,0,0,0,37920,0,0,0,0,0,0,0,0,134741,0,15000,95749,0
668,West Maas en Waal,5,-1622740,0,1015754,0,0,59645,0,0,0,31985,0,0,0,0,0,0,0,0,140091,0,4000,35516,0
293,Westervoort,5,1960069,0,2456452,0,0,83935,0,0,0,31135,0,0,0,0,0,0,0,0,44265,0,2000,24716,0
296,Wijchen,5,-816188,0,3968238,0,0,143040,0,0,0,36017,0,0,0,0,0,0,0,0,145928,0,10000,68037,0
294,Winterswijk,5,-2680230,0,6062460,0,0,107955,0,0,0,33740,0,107464,0,0,0,0,0,0,230567,0,5000,51310,0
297,Zaltbommel,5,532792,0,2910264,0,0,95270,0,0,0,33819,0,0,0,0,0,0,0,0,220352,0,9000,52481,0
299,Zevenaar,5,-1247159,0,4421706,0,0,180825,0,0,0,36544,0,0,0,0,0,0,0,0,133767,0,10000,74448,0
301,Zutphen,5,4391592,0,9736582,0,0,290669,0,0,0,37290,0,75134,0,0,0,0,0,0,124039,0,10000,82255,0
307,Amersfoort,6,2480281,24409134,16596653,0,151844,766211,150000,0,0,57627,128380,105935,0,4357173,0,0,0,0,171709,398593,30000,263177,4444696
308,Baarn,6,3527359,0,824175,0,0,79887,0,0,0,32954,0,0,0,0,0,0,0,0,45238,0,7000,37599,0
312,Bunnik,6,1287722,0,409845,0,0,26719,0,0,0,31196,0,0,0,0,0,0,0,0,35509,0,3000,22723,0
313,Bunschoten,6,618113,0,1066589,0,0,60725,0,0,0,32438,0,0,0,0,0,0,0,0,52048,0,4000,32565,0
310,De Bilt,6,1783542,0,989865,0,0,156805,0,0,0,36411,0,0,0,0,0,0,0,0,35509,0,9000,68497,0
736,De Ronde Venen,6,-1644080,0,1602809,0,0,129276,0,0,0,36660,0,0,0,0,0,0,0,0,190680,0,8000,78118,0
317,Eemnes,6,893384,0,312791,0,0,25100,0,0,0,30084,0,0,0,0,0,0,0,0,79288,0,4000,15295,0
321,Houten,6,4813725,0,654809,0,0,142231,0,0,0,37683,0,0,0,0,0,0,0,0,62263,0,9000,85049,0
353,IJsselstein,6,3694840,0,2385955,0,0,141961,0,0,0,34633,0,0,0,0,0,0,0,0,41346,0,3000,54795,0
327,Leusden,6,2052411,0,1354921,0,0,75838,0,0,0,34023,0,0,0,0,0,0,0,0,58858,0,4000,43114,0
331,Lopik,6,-607088,0,779098,0,0,56676,0,0,0,31031,0,0,0,0,0,0,0,0,87557,0,2000,32972,0
335,Montfoort,6,-24586,0,455256,0,0,41023,0,0,0,30927,0,0,0,0,0,0,0,0,113824,0,1000,23800,0
356,Nieuwegein,6,3717243,0,2883155,0,0,289319,0,0,0,40221,0,0,0,0,0,0,0,0,151279,0,15000,89439,0
589,Oudewater,6,-353277,0,486732,0,0,35085,0,0,0,30228,0,0,0,0,0,0,0,0,77342,0,2000,16632,0
339,Renswoude,6,9428,0,246372,0,0,8906,0,0,0,29376,0,0,0,0,0,0,0,0,0,0,0,8853,0
340,Rhenen,6,0,0,1361557,0,0,68551,0,0,0,32100,0,0,0,0,0,0,0,0,51561,0,2000,35783,0
342,Soest,6,2256767,0,2759543,0,0,196208,0,0,0,37066,0,0,0,0,0,0,0,0,108473,0,5000,69733,0
1904,Stichtse Vecht,6,1278265,0,2751505,0,0,185953,0,0,0,40452,0,0,0,0,0,0,0,0,142037,0,14000,107494,0
344,Utrecht,6,13732159,88833399,17458656,115000,231677,2009852,951227,0,0,95177,907524,107181,0,25331720,710071,0,262414,546700,430002,398593,62000,567558,12888172
1581,Utrechtse Heuvelrug,6,5260393,0,1404474,0,0,136023,0,0,0,37632,0,55883,0,0,0,0,0,0,127444,0,8000,81767,0
345,Veenendaal,6,1045237,0,6549078,0,0,314689,0,0,0,40787,0,0,0,0,0,0,0,0,81233,0,11000,108827,0
1961,Vijfheerenlanden,6,3648777,0,3265870,0,0,209163,0,0,0,39098,0,0,132953,0,0,0,0,0,147874,0,9000,95378,0
352,Wijk bij Duurstede,6,1726359,0,1224242,0,0,76108,0,0,0,32792,0,0,0,0,0,0,0,0,42806,0,3000,35421,0
632,Woerden,6,3135679,0,5277855,0,0,170839,0,0,0,38143,0,0,0,0,0,0,0,0,76856,0,10000,82809,0
351,Woudenberg,6,1468454,0,335723,0,0,34276,0,0,0,30880,0,0,0,0,0,0,0,0,44265,0,4000,19711,0
355,Zeist,6,7469432,0,5216124,0,0,345456,0,0,0,40439,0,25535,0,0,0,0,0,0,154198,0,7000,99796,0
358,Aalsmeer,7,-421985,0,777155,0,0,91222,0,0,0,34293,0,0,0,0,0,0,0,0,139605,0,3000,46220,0
361,Alkmaar,7,1910722,18933359,11173294,0,192195,491735,150000,0,0,48781,165775,2095,77546,3557413,327033,0,111029,251790,151766,398593,19000,173009,5617585
362,Amstelveen,7,-8140267,0,2063245,0,0,297956,0,0,0,45235,0,0,0,0,0,0,0,0,99231,0,14000,122304,0
363,Amsterdam,7,27327602,108983638,71037519,926051,417668,6779305,2605874,0,0,194565,4209153,65282,53747,66686460,879088,958000,274077,676830,416382,398593,235000,1649564,24582774
373,Bergen (NH),7,1552456,0,1324623,0,0,80157,0,0,0,33869,0,0,43786,0,0,0,0,0,39887,0,6000,39375,0
375,Beverwijk,7,3881541,0,4710966,0,0,228595,0,0,0,36129,0,0,0,0,0,0,0,0,70532,0,13000,65760,0
376,Blaricum,7,-177528,0,174533,0,0,42642,0,0,0,30566,0,0,0,0,0,0,0,0,0,0,0,14813,0
377,Bloemendaal,7,1485877,0,736307,0,0,48310,0,0,0,32709,0,0,0,0,0,0,0,0,10215,0,1000,35300,0
383,Castricum,7,1472587,0,711432,0,0,72060,0,0,0,35054,0,0,20369,0,0,0,0,0,66154,0,4000,49390,0
400,Den Helder,7,1774061,7366564,6329868,0,0,361379,0,0,0,38866,0,170425,42727,1789981,0,0,0,0,185815,0,8000,93485,1727761
384,Diemen,7,3496104,0,1653735,0,0,132245,0,0,0,34170,0,0,0,0,0,0,0,0,49129,0,9000,39390,0
1980,Dijk en Waard,7,4372008,0,5224575,0,0,322246,0,0,0,44471,0,99027,0,0,0,0,0,0,267535,0,9000,131554,0
498,Drechterland,7,-253070,0,1196777,0,0,55867,0,0,0,32032,0,0,50457,0,0,0,0,0,16052,0,2000,35071,0
385,Edam-Volendam,7,-1643273,0,1788769,0,0,95270,0,0,0,35088,0,0,50640,0,0,0,0,0,64695,0,4000,59465,0
388,Enkhuizen,7,-200029,0,1655152,0,0,96350,0,0,0,31809,0,0,11139,0,0,0,0,0,83179,0,3000,27876,0
1942,Gooise Meren,7,-266256,0,1594263,0,0,181095,0,0,0,39227,0,0,0,0,0,0,0,0,85611,0,11000,95222,0
392,Haarlem,7,3946763,42077696,15515393,0,165154,774577,150000,0,0,58572,313817,0,0,7502710,285029,0,90269,219450,88043,398593,15000,238243,6891315
394,Haarlemmermeer,7,1344987,0,5437981,0,0,509548,150000,216125,0,57688,0,340,0,0,0,0,0,0,1134350,0,31000,252783,0
396,Heemskerk,7,1195168,0,3844040,0,0,187032,0,0,0,35632,0,0,0,0,0,0,0,0,10215,0,8000,60465,0
397,Heemstede,7,2869128,0,1285693,0,0,63154,0,0,0,33466,0,0,0,0,0,0,0,0,10215,0,2000,36601,0
399,Heiloo,7,0,0,951618,0,0,59375,0,0,0,32833,0,0,0,0,0,0,0,0,10215,0,4000,31884,0
402,Hilversum,7,-3953278,11978671,6574307,0,140986,413198,0,0,0,45311,0,0,0,2253814,128013,0,0,98560,71991,398593,12000,139915,2902960
1911,Hollands Kroon,7,-1678138,0,2797616,0,0,173808,0,0,0,37378,0,0,53177,0,0,0,0,0,489346,0,14000,92437,0
405,Hoorn,7,1156411,10254556,5611299,0,0,388638,0,0,0,42034,0,0,14210,2258328,0,0,0,0,104582,0,7000,115541,0
406,Huizen,7,0,0,1723959,0,0,166251,0,0,0,35985,0,0,0,0,0,0,0,0,25781,0,4000,64557,0
1598,Koggenland,7,0,0,603228,0,0,58296,0,0,0,32609,0,0,66807,0,0,0,0,0,58371,0,3000,47002,0
415,Landsmeer,7,-150310,0,217844,0,0,34276,0,0,0,30494,0,0,24904,0,0,0,0,0,26267,0,1000,19501,0
417,Laren,7,338895,0,272971,0,0,39673,0,0,0,30463,0,0,0,0,0,0,0,0,0,0,2000,14040,0
420,Medemblik,7,-1295006,0,2429871,0,0,159234,0,0,0,36743,0,0,112211,0,0,0,0,0,116256,0,5000,82127,0
431,Oostzaan,7,-804482,0,18865,0,0,32926,0,0,0,30145,0,0,14420,0,0,0,0,0,29672,0,4000,14855,0
432,Opmeer,7,-446514,0,311828,0,0,27259,0,0,0,30576,0,0,34631,0,0,0,0,0,0,0,2000,21168,0
437,Ouder-Amstel,7,-524703,0,206273,0,0,44531,0,0,0,30970,0,0,0,0,0,0,0,0,79774,0,5000,21543,0
439,Purmerend,7,3236248,5630660,6003746,0,0,394576,0,0,0,45414,0,0,77972,1486466,0,0,0,0,126471,0,12000,133318,0
441,Schagen,7,534738,0,4401675,0,0,130086,0,0,0,36997,0,0,99214,0,0,0,0,0,175114,0,8000,84562,0
532,Stede Broec,7,-1474243,0,1975842,0,0,93921,0,0,0,32387,0,0,13972,0,0,0,0,0,21403,0,3000,31311,0
448,Texel,7,-311845,0,2315481,0,0,48040,0,0,0,30883,0,0,0,0,0,0,0,0,105068,0,1000,37480,0
450,Uitgeest,7,656229,0,785663,0,0,36975,0,0,0,30878,0,0,18678,0,0,0,0,0,10215,0,1000,20348,0
451,Uithoorn,7,2172965,0,1171517,0,0,129816,0,0,0,33961,0,0,0,0,0,0,0,0,55939,0,3000,42381,0
453,Velsen,7,1112035,0,4887563,0,0,313879,0,0,0,41104,0,0,0,0,0,0,0,0,160035,0,22000,105156,0
852,Waterland,7,-1220086,0,524851,0,0,50739,0,0,0,31563,0,0,49226,0,0,0,0,0,29186,0,1000,30725,0
1696,Wijdemeren,7,-1253671,0,535146,0,0,62074,0,0,0,32893,0,0,0,0,0,0,0,0,58858,0,1000,43716,0
880,Wormerland,7,-334637,0,56595,0,0,78267,0,0,0,31381,0,0,40379,0,0,0,0,0,65668,0,2000,28159,0
479,Zaanstad,7,424479,11519026,8809123,0,164589,947305,150000,0,83750,57523,256374,0,0,2560904,183018,0,56328,140910,301099,398593,24000,254416,4455384
473,Zandvoort,7,1194017,0,595601,0,0,83395,0,0,0,31536,0,0,0,0,0,0,0,0,51075,0,3000,24177,0
482,Alblasserdam,8,1034315,0,1367364,0,0,79347,0,0,0,32088,0,0,5031,0,0,0,0,0,85125,0,5000,34176,0
613,Albrandswaard,8,2275003,0,138343,0,0,74219,0,0,0,33144,0,0,17009,0,0,0,0,0,10215,0,6000,38104,0
484,Alphen aan den Rijn,8,1731212,0,13064669,0,0,391877,0,0,0,49281,0,0,0,0,0,0,0,0,194085,0,22000,167667,0
489,Barendrecht,8,720197,0,94325,0,0,154376,0,0,0,37389,0,0,11425,0,0,0,0,0,45238,0,14000,76881,0
1901,Bodegraven-Reeuwijk,8,-561637,0,1123551,0,0,108495,0,0,0,34904,0,4360,0,0,0,0,0,0,63236,0,10000,62145,0
501,Brielle,8,0,0,33014,0,0,48580,0,0,0,31586,0,0,27829,0,0,0,0,0,15566,0,3000,24728,0
502,Capelle aan den IJssel,8,5199110,0,5647451,0,0,492005,0,0,0,40863,0,0,0,0,0,0,0,0,9242,0,9000,116331,0
503,Delft,8,1105314,18422011,11189621,0,0,579179,150000,0,0,47607,0,0,0,2518717,0,0,0,0,86098,0,13000,157124,3461431
505,Dordrecht,8,2827687,39397448,18839857,0,156857,742730,150000,0,0,50496,525469,0,0,5320147,254025,0,0,195580,359470,398593,41000,210231,4367927
1924,Goeree-Overflakkee,8,2160224,0,4980192,0,0,142501,0,0,0,37751,0,0,294553,0,0,0,0,0,141064,0,7000,86541,0
512,Gorinchem,8,271069,0,6880581,0,127925,201336,0,0,0,35300,0,3341,11023,0,0,0,0,0,98745,398593,11000,56618,0
513,Gouda,8,-757239,16062292,9582517,0,140688,384860,0,0,0,42046,0,0,0,2125884,0,0,0,0,98258,398593,10000,117396,2552536
523,Hardinxveld-Giessendam,8,-476534,0,66027,0,0,39943,0,0,0,31767,0,0,10578,0,0,0,0,0,165385,0,5000,28998,0
530,Hellevoetsluis,8,1029366,0,124194,0,0,188382,0,0,61250,35840,0,0,35946,0,0,0,0,0,32104,0,3000,59340,0
531,Hendrik-Ido-Ambacht,8,1753323,0,951856,0,0,113893,0,0,0,34156,0,0,5438,0,0,0,0,0,151766,0,9000,45223,0
534,Hillegom,8,321488,0,1718352,0,0,68551,0,0,0,32471,0,0,0,0,0,0,0,0,37455,0,3000,29394,0
1963,Hoeksche Waard,8,2252424,0,4437818,0,0,210512,0,0,0,44718,0,0,287786,0,0,0,0,0,151765,0,16000,135538,0
1884,Kaag en Braassem,8,-1832497,0,53451,0,0,81236,0,0,0,33465,0,0,0,0,0,0,0,0,44751,0,3000,48163,0
537,Katwijk,8,0,0,6179904,0,0,207004,0,0,0,40616,0,207567,0,0,0,0,0,0,113824,0,9000,101292,0
542,Krimpen aan den IJssel,8,-133190,0,2017851,0,0,137643,0,0,0,33813,0,0,4220,0,0,0,0,0,103123,0,3000,43922,0
1931,Krimpenerwaard,8,-3184217,0,3128116,0,0,180015,0,0,0,38873,0,0,125078,0,0,0,0,0,154198,0,9000,99286,0
1621,Lansingerland,8,4805447,0,117612,0,0,211862,0,0,0,40127,0,0,0,0,0,0,0,0,68586,0,7000,99762,0
546,Leiden,8,-1661747,32122466,19060306,827418,177207,620471,150000,0,0,51421,213580,0,0,7789792,383038,0,0,294910,117229,398593,12000,187070,6480849
547,Leiderdorp,8,2065122,0,119478,0,0,84205,0,0,0,33434,0,0,0,0,0,0,0,0,19457,0,5000,40260,0
1916,Leidschendam-Voorburg,8,3707800,0,2669224,0,0,346266,0,0,0,42558,0,0,0,0,0,0,0,0,41346,0,11000,114690,0
553,Lisse,8,0,0,1642215,0,0,60455,0,0,0,32617,0,0,0,0,0,0,0,0,26267,0,1000,32316,0
556,Maassluis,8,1060191,0,4052444,0,0,202416,0,0,0,34586,0,0,0,0,0,0,0,0,22862,0,5000,50213,0
1842,Midden-Delfland,8,38443,0,51879,0,0,46421,0,0,0,31954,0,0,0,0,0,0,0,0,38428,0,5000,35702,0
1978,Molenlanden,8,-198990,0,1185050,0,0,109574,0,0,0,36550,0,0,170121,0,0,0,0,0,204299,0,12000,91185,0
569,Nieuwkoop,8,-76352,0,73888,0,0,71520,0,0,0,33764,0,0,0,0,0,0,0,0,35509,0,2000,48647,0
1930,Nissewaard,8,5907829,14013939,8612088,0,0,562446,0,0,0,44233,0,0,73537,2583374,0,0,0,0,85611,0,24000,138913,3191500
575,Noordwijk,8,3245187,0,2393137,0,0,119020,0,0,0,36537,0,0,0,0,0,0,0,0,36482,0,4000,61829,0
579,Oegstgeest,8,2989862,0,667131,0,0,62884,0,0,0,33004,0,3850,0,0,0,0,0,0,10215,0,4000,33824,0
590,Papendrecht,8,1131753,0,1726647,0,0,130895,0,0,0,34326,0,0,2504,0,0,0,0,0,177060,0,9000,47470,0
1926,Pijnacker-Nootdorp,8,9095831,0,121050,0,0,173268,0,0,0,38697,0,0,0,0,0,0,0,0,31131,0,5000,90833,0
597,Ridderkerk,8,-1955373,0,136771,0,0,222927,0,0,0,37023,0,0,19617,0,0,0,0,0,28213,0,13000,60019,0
603,Rijswijk,8,7618905,0,1969214,0,0,364078,0,0,0,38613,0,72756,0,0,0,0,0,0,36969,0,11000,71273,0
599,Rotterdam,8,32970124,105336897,48472227,0,444038,6444105,2111492,0,0,149530,4407313,37822,4898,43024644,1005101,0,300618,773850,2249243,398593,317000,1416569,19026705
606,Schiedam,8,1747677,0,9373037,0,0,592133,0,0,0,43087,316901,0,0,0,0,0,0,0,138632,0,11000,133174,0
518,'s-Gravenhage,8,104263115,73563640,39026191,140000,317810,4615617,1654253,0,0,130317,2139274,0,0,31216298,760076,0,315140,585200,305963,398593,62000,1055189,16769827
610,Sliedrecht,8,4283545,0,2229709,0,0,113083,0,0,0,33103,0,0,11596,0,0,0,0,0,148361,0,8000,38160,0
1525,Teylingen,8,1260993,0,2545921,0,0,79077,0,0,0,35371,0,0,0,0,0,0,0,0,57885,0,6000,55944,0
622,Vlaardingen,8,1765135,12735525,8761056,0,0,555159,0,0,0,42091,0,0,0,2301393,0,0,0,0,134741,0,23000,118755,3084360
626,Voorschoten,8,3394861,0,70744,0,0,84475,0,0,0,33113,0,0,0,0,0,0,0,0,10215,0,3000,37757,0
627,Waddinxveen,8,1085217,0,2197071,0,0,102017,0,0,0,34011,0,0,0,0,0,0,0,0,32591,0,4000,38469,0
629,Wassenaar,8,0,0,978391,0,0,100938,0,0,0,33355,0,7757,0,0,0,0,0,0,57885,0,6000,39392,0
1783,Westland,8,-9131422,0,6887539,0,0,358141,150000,0,0,49057,0,0,0,0,0,0,0,0,151279,0,17000,148090,0
614,Westvoorne,8,-568765,0,29870,0,0,40483,0,0,0,31114,0,0,52768,0,0,0,0,0,21889,0,2000,22396,0
637,Zoetermeer,8,12648468,0,7451705,0,162814,796708,150000,0,0,51640,104477,0,0,0,0,0,0,0,89503,398593,14000,202347,0
638,Zoeterwoude,8,1522458,0,17293,0,0,19972,0,0,0,29988,0,0,0,0,0,0,0,0,52048,0,3000,13768,0
1892,Zuidplas,8,4004225,0,1964842,0,0,147359,0,0,0,36724,0,0,0,0,0,0,0,0,138146,0,12000,71898,0
642,Zwijndrecht,8,2033838,0,3499611,0,0,340598,0,0,0,36670,0,0,18115,0,0,0,0,0,197490,0,17000,69604,0
654,Borsele,9,-628031,0,1541213,0,0,67202,0,0,0,32587,0,0,128079,0,0,0,0,0,331744,0,8000,48501,0
664,Goes,9,-4036764,0,5640777,0,160120,137103,0,0,0,35521,0,226,82211,0,0,0,0,0,186302,398593,9000,57614,0
677,Hulst,9,-4837301,0,3873118,0,0,74759,0,0,0,33471,0,0,174989,0,0,0,0,0,156630,0,5000,47288,0
678,Kapelle,9,-1268971,0,402342,0,0,46151,0,0,0,30739,0,0,32555,0,0,0,0,0,81720,0,4000,20251,0
687,Middelburg,9,-3859415,0,5541717,0,0,258012,150000,0,0,37449,0,34481,45430,0,210021,0,0,161700,176087,0,6000,82110,0
1695,Noord-Beveland,9,330089,0,523221,0,0,24290,0,0,0,29753,0,0,82000,0,0,0,0,0,59831,0,1000,20895,0
703,Reimerswaal,9,-1987773,0,1236596,0,0,96620,0,0,0,32601,0,0,94152,0,0,0,0,0,106528,0,11000,45944,0
1676,Schouwen-Duiveland,9,-3784365,0,4343657,0,0,123069,0,0,0,34678,0,0,234890,0,0,0,0,0,133281,0,6000,61803,0
1714,Sluis,9,-2796538,0,1856637,0,0,65043,0,0,0,32651,0,0,248460,0,0,0,0,0,76369,0,4000,48422,0
715,Terneuzen,9,-2424096,0,8753153,0,0,232643,0,0,0,38472,0,0,229331,0,0,0,0,0,423192,0,25000,98250,0
716,Tholen,9,0,0,2040620,0,0,98239,0,0,0,33194,0,0,143534,0,0,0,0,0,35509,0,3000,48895,0
717,Veere,9,0,0,1141193,0,0,41023,0,0,0,32426,0,0,134490,0,0,0,0,0,44751,0,2000,44875,0
718,Vlissingen,9,-2388519,35591115,7048691,0,0,295527,0,0,0,36593,0,0,33341,6600098,0,0,0,0,308395,0,12000,82921,4205167
1723,Alphen-Chaam,10,-836976,0,451557,0,0,28068,0,0,0,30272,0,0,0,0,0,0,0,0,0,0,3000,19231,0
1959,Altena,10,-128370,0,3253106,0,0,151677,0,0,0,38823,0,0,0,0,0,0,0,0,432434,0,9000,98293,0
743,Asten,10,-2134578,0,1461702,0,0,45071,0,0,0,31471,0,0,0,0,0,0,0,0,32591,0,5000,24111,0
744,Baarle-Nassau,10,164282,0,15721,0,0,18082,0,0,0,29626,0,0,0,0,0,0,0,0,29186,0,1000,13448,0
1724,Bergeijk,10,-55789,0,2142848,0,0,41833,0,0,0,31831,0,1868,0,0,0,0,0,0,16052,0,4000,31790,0
748,Bergen op Zoom,10,-4352249,9160742,10429009,0,0,375683,0,0,0,40899,0,0,0,2963796,0,0,0,0,130849,0,26000,110530,0
1721,Bernheze,10,-367955,0,4281786,0,0,82586,0,0,0,34193,0,0,0,0,0,0,0,0,57398,0,8000,48912,0
753,Best,10,1548984,0,3139052,0,0,89333,0,0,0,33962,0,0,0,0,0,0,0,0,27240,0,8000,44164,0
1728,Bladel,10,633536,0,4850096,0,0,48310,0,0,0,32161,0,0,0,0,0,0,0,0,81720,0,5000,32684,0
755,Boekel,10,-179846,0,1211241,0,0,22671,0,0,0,30381,0,0,0,0,0,0,0,0,0,0,1000,19717,0
757,Boxtel,10,-591583,0,8158329,0,0,131144,0,0,0,34475,0,0,0,0,0,0,0,0,41833,0,10456,49269,0
758,Breda,10,-21743002,32343608,22099616,0,208217,873086,150000,0,140000,62586,436799,0,0,5964333,0,0,0,0,319097,398593,36000,292859,7986897
1706,Cranendonck,10,-382963,0,2001493,0,0,66122,0,909237,0,32249,0,134358,0,0,0,0,0,0,100204,0,4000,35499,0
762,Deurne,10,-1813536,0,3964371,0,0,102017,0,0,0,34376,0,0,0,0,0,0,0,0,65668,0,11000,48255,0
766,Dongen,10,0,0,1452366,0,0,79077,0,0,0,33247,0,0,0,0,0,0,0,0,40860,0,4000,36626,0
1719,Drimmelen,10,0,0,1335692,0,0,58296,0,0,0,33425,0,0,0,0,0,0,0,0,76369,0,3000,38459,0
770,Eersel,10,1092167,0,2646821,0,0,43182,0,0,0,31975,0,0,0,0,0,0,0,0,94853,0,4000,33338,0
772,Eindhoven,10,-52672228,45873157,32874670,0,188992,1274949,550226,0,0,72176,422920,0,0,11234497,415042,0,0,319550,304017,398593,37000,356184,7297400
777,Etten-Leur,10,-265380,0,5307263,0,0,183254,0,0,0,36502,0,0,0,0,0,0,0,0,98258,0,13000,63370,0
779,Geertruidenberg,10,0,0,1945274,0,0,70711,0,0,0,32392,0,0,0,0,0,0,0,0,176573,0,7000,32149,0
1771,Geldrop-Mierlo,10,1557785,0,1657421,0,0,163822,0,0,0,35794,0,0,0,0,0,0,0,0,90962,0,7000,58404,0
1652,Gemert-Bakel,10,-1848547,0,4304769,0,0,103367,0,0,0,34064,0,0,0,0,0,0,0,0,110419,0,12000,49871,0
784,Gilze en Rijen,10,716961,0,1805278,0,0,111194,0,665027,0,33313,0,180786,0,0,0,0,0,0,0,0,6000,44276,0
785,Goirle,10,3437962,0,2569766,0,0,59645,0,0,0,32798,0,0,0,0,0,0,0,0,58371,0,4000,34673,0
1655,Halderberge,10,453049,0,4800534,0,0,130626,0,0,0,34002,0,0,0,0,0,0,0,0,159548,0,7000,46920,0
1658,Heeze-Leende,10,838108,0,952972,0,0,25639,0,0,0,31364,0,0,0,0,0,0,0,0,40860,0,3000,25076,0
794,Helmond,10,-10734299,17927584,16950631,0,145921,589434,0,0,0,45569,264084,0,0,2989824,0,0,0,0,176573,398593,22000,160628,2266744
797,Heusden,10,-3674691,0,3284509,0,0,117401,0,0,0,36713,0,0,0,0,0,0,0,0,81720,0,9000,63557,0
798,Hilvarenbeek,10,0,0,1190539,0,0,34006,0,0,0,31262,0,0,0,0,0,0,0,0,109933,0,4000,26508,0
1659,Laarbeek,10,0,0,2557792,0,0,63154,0,0,0,32584,0,0,0,0,0,0,0,0,79288,0,3000,35058,0
1982,Land van Cuijk,10,2583216,0,14456845,0,0,280953,0,0,0,45117,0,227214,0,0,0,0,0,0,602198,0,24000,150202,0
809,Loon op Zand,10,1333884,0,2863957,0,0,68012,0,0,0,32714,0,0,0,0,0,0,0,0,51561,0,5000,34315,0
1991,Maashorst,10,-500071,0,9208410,0,0,211592,0,0,0,39150,0,0,0,0,0,0,0,0,325907,0,16000,91169,0
1948,Meierijstad,10,303790,0,14514344,0,0,257743,0,0,0,43527,0,0,0,0,0,0,0,0,267049,0,17000,121773,0
1709,Moerdijk,10,-2834794,0,2545941,0,0,132245,0,0,0,35259,0,0,0,0,0,0,0,0,719913,0,29000,68372,0
820,Nuenen. Gerwen en Nederwetten,10,1049194,0,1382653,0,0,70711,0,0,0,32751,0,0,0,0,0,0,0,0,0,0,3000,33825,0
823,Oirschot,10,0,0,2345775,0,0,39404,0,0,0,31847,0,0,0,0,0,0,0,0,58371,0,4000,28459,0
824,Oisterwijk,10,1167256,0,3953965,0,0,83062,0,0,0,34364,0,95574,0,0,0,0,0,0,0,0,7227,45842,0
826,Oosterhout,10,-1196578,0,5856094,0,0,256123,0,0,0,38796,0,0,0,0,0,0,0,0,309855,0,13000,84497,0
828,Oss,10,-4040053,17830936,17708857,0,0,389987,0,0,0,45551,0,0,0,3132552,0,0,0,0,334662,0,27000,150268,0
1667,Reusel-De Mierden,10,197084,0,2533944,0,0,34546,0,0,0,30784,0,0,0,0,0,0,0,0,0,0,1000,22957,0
1674,Roosendaal,10,-3794474,0,14000549,0,0,429391,0,0,0,42700,0,0,0,0,0,0,0,0,147388,0,24000,123780,0
840,Rucphen,10,-170646,0,5953946,0,0,71520,0,0,0,32635,0,0,0,0,0,0,0,0,46697,0,5000,31536,0
796,'s-Hertogenbosch,10,-14925661,29952916,22075581,0,187577,715472,150000,0,0,57260,340803,0,0,5062633,326033,0,429821,251020,302558,988593,35000,248691,6665051
845,Sint-Michielsgestel,10,1744575,0,3956384,0,0,64233,0,0,0,33829,0,0,0,0,0,0,0,0,15566,0,3000,44392,0
847,Someren,10,-1950693,0,1448086,0,0,49659,0,0,0,31956,0,0,0,0,0,0,0,0,18971,0,6000,28944,0
848,Son en Breugel,10,669442,0,856401,0,0,46691,0,0,0,31607,0,0,0,0,0,0,0,0,38914,0,4000,25175,0
851,Steenbergen,10,-1131835,0,2490671,0,0,90682,0,0,0,32864,0,0,0,0,0,0,0,0,39887,0,5000,38110,0
855,Tilburg,10,-22256917,59428120,27944365,115000,182494,1358488,150000,0,173750,69620,826949,15967,0,8560412,599060,0,259984,461230,368712,398593,48301,371409,6276574
858,Valkenswaard,10,-2231892,0,3492337,0,0,112813,0,0,0,34149,0,0,0,0,0,0,0,0,18971,0,4000,42411,0
861,Veldhoven,10,1096034,0,4065595,0,0,134404,0,0,0,36805,0,963,0,0,0,0,0,0,103609,0,7000,61797,0
865,Vught,10,2555417,0,4430381,0,0,74700,0,0,0,34233,0,0,0,0,0,0,0,0,0,0,8016,45391,0
866,Waalre,10,1386727,0,1115817,0,0,50199,0,0,0,31606,0,0,0,0,0,0,0,0,16052,0,2000,23994,0
867,Waalwijk,10,-3102178,0,5369184,0,0,183254,0,0,0,37421,0,0,0,0,0,0,0,0,395466,0,17000,67454,0
873,Woensdrecht,10,-1547881,0,2147596,0,0,75299,0,0,0,32440,0,0,0,0,0,0,0,0,62749,0,6000,32955,0
879,Zundert,10,0,0,1786251,0,0,66122,0,0,0,32432,0,0,0,0,0,0,0,0,42319,0,3000,30360,0
888,Beek,11,546316,0,1098091,0,0,60995,0,0,0,31295,0,0,0,0,0,0,0,0,51561,0,3000,23555,0
1954,Beekdaelen,11,769910,0,4905355,0,0,119290,0,0,0,35050,0,63357,0,0,0,0,0,0,43292,0,8000,56190,0
889,Beesel,11,-893245,0,1410908,0,0,49120,0,0,0,30844,0,0,0,0,0,0,0,0,20430,0,4000,20837,0
893,Bergen (L),11,-483998,0,2336644,0,0,38054,0,0,0,30781,0,0,0,0,0,0,0,0,12161,0,4000,27189,0
899,Brunssum,11,372544,0,9160257,0,0,162472,0,0,0,33489,0,0,0,0,0,0,0,0,81233,0,3000,46488,0
1711,Echt-Susteren,11,0,0,3239459,0,0,105256,0,0,0,34248,0,49769,0,0,0,0,0,0,161008,0,11000,48614,0
1903,Eijsden-Margraten,11,-1229595,0,1687987,0,0,49929,0,0,0,33160,0,2604,0,0,0,0,0,0,0,0,7000,46834,0
907,Gennep,11,2682327,0,4612559,0,0,61804,0,0,0,31511,0,0,0,0,0,0,0,0,28213,0,3000,28381,0
1729,Gulpen-Wittem,11,-2202072,0,1893615,0,0,34815,0,0,0,30985,0,0,0,0,0,0,0,0,0,0,1000,33186,0
917,Heerlen,11,-3488254,30256228,26925316,0,206121,739222,150000,0,83750,44511,277192,54241,0,5883673,0,0,0,0,207705,398593,19000,168113,3139114
1507,Horst aan de Maas,11,-2570969,0,3855572,0,0,93111,0,0,0,36245,0,0,0,0,0,0,0,0,162953,0,10000,69682,0
928,Kerkrade,11,-390938,0,17648081,0,0,309561,0,0,0,36794,0,0,0,0,0,0,0,0,152252,0,6000,77766,0
882,Landgraaf,11,2236776,0,9524003,0,0,228325,0,0,0,35273,0,0,0,0,0,0,0,0,75396,0,6000,56066,0
1640,Leudal,11,178982,0,2836248,0,0,81506,0,0,0,35047,0,58714,0,0,0,0,0,0,104582,0,8000,60313,0
1641,Maasgouw,11,1340551,0,2238268,0,0,52358,0,0,0,32797,0,0,0,0,0,0,0,0,523396,0,5000,35595,0
935,Maastricht,11,-13299269,21927855,18034164,0,0,619392,324169,0,207500,50702,230543,151627,0,6064646,337034,0,0,259490,368226,0,32000,181552,4022718
938,Meerssen,11,-311672,0,1735589,0,0,39673,0,0,0,31814,0,0,0,0,0,0,0,0,29672,0,5000,29285,0
944,Mook en Middelaar,11,0,0,434996,0,0,16733,0,0,0,29814,0,0,0,0,0,0,0,0,41833,0,2000,13764,0
946,Nederweert,11,-1482221,0,2302420,0,0,42372,0,0,0,31536,0,0,0,0,0,0,0,0,86584,0,5000,26625,0
1894,Peel en Maas,11,-2882417,0,5740928,0,0,108765,0,0,0,36463,0,0,0,0,0,0,0,0,147874,0,9000,71106,0
1669,Roerdalen,11,-163952,0,2666798,0,0,60185,0,0,0,32170,0,0,0,0,0,0,0,0,84638,0,4000,34620,0
957,Roermond,11,-4095647,0,10587971,0,141614,372445,0,0,0,39272,0,0,0,0,0,0,0,0,239323,398593,20000,99130,0
965,Simpelveld,11,-427126,0,2200353,0,0,36165,0,0,0,30291,0,0,0,0,0,0,0,0,13620,0,2000,15796,0
1883,Sittard-Geleen,11,-2707290,0,12757916,0,0,484178,150000,0,0,45405,176185,793,0,0,0,0,0,0,213055,0,40000,147691,0
971,Stein,11,-1476362,0,2551043,0,0,68821,0,0,0,32969,0,0,0,0,0,0,0,0,149333,0,7000,32292,0
981,Vaals,11,-1470219,0,1444071,0,0,45611,0,0,0,30218,0,0,0,0,0,0,0,0,29186,0,1000,18998,0
994,Valkenburg aan de Geul,11,-1059126,0,1482007,0,0,51549,0,0,0,31387,0,0,0,0,0,0,0,0,31618,0,3000,25832,0
983,Venlo,11,-14796400,46252977,13599721,0,149674,592943,150000,0,0,47310,424462,0,0,8014126,278028,0,0,214060,347796,398593,40000,176663,5256748
984,Venray,11,-2401909,0,9800364,0,0,176776,0,0,0,36473,0,0,0,0,0,0,0,0,379900,0,11000,77240,0
986,Voerendaal,11,-578789,0,1156836,0,0,45341,0,0,0,30661,0,0,0,0,0,0,0,0,16052,0,2000,20059,0
988,Weert,11,-3933252,0,7712863,0,0,210512,0,0,0,37644,0,0,0,0,0,0,0,0,229108,0,14000,76289,0
34,Almere,12,2961860,44370820,9477851,0,185935,1357264,150000,0,83750,68275,457617,88666,0,8412204,267027,0,68901,205590,206245,398593,26000,382982,5920004
303,Dronten,12,874144,0,1606015,0,0,170569,0,0,0,36156,0,173086,0,0,0,0,0,0,124039,0,11000,74138,0
995,Lelystad,12,4587242,0,6524179,0,0,550840,150000,0,0,43186,463015,0,0,0,0,0,0,0,322502,0,15000,144824,0
171,Noordoostpolder,12,-734902,0,5150982,0,0,261251,0,0,0,37192,0,155760,0,0,0,0,0,0,385737,0,12000,89875,0
184,Urk,12,-3532306,0,1559849,0,0,56946,0,0,0,32291,0,0,0,0,0,0,0,0,46211,0,4000,42000,0
50,Zeewolde,12,661905,0,423429,0,0,89333,0,0,0,32598,0,0,0,0,0,0,0,0,93881,0,3000,42132,0